{  
  "intents": [  
    { "intent": "movePlayerIntent", "slots": [
      { "name": "direction", "type": "LIST_OF_DIRECTIONS" }
    ]
    },
    { "intent": "interactItemIntent", "slots": [
      { "name": "itemAction", "type": "LIST_OF_ITEM_ACTIONS" },
      { "name": "item", "type": "LIST_OF_ITEMS" }] },
    { "intent": "AMAZON.HelpIntent", "slots": [] },
    { "intent": "helpTheUser", "slots": [] },
    { "intent": "helpTheUserWithMovement", "slots": [] },
    { "intent": "helpTheUserWithObjects", "slots": [] },
    { "intent": "hintIntent", "slots": [] },
    { "intent": "AMAZON.YesIntent", "slots": [] },
    { "intent": "AMAZON.NoIntent", "slots": [] },
    { "intent": "AMAZON.CancelIntent", "slots": [] },
    { "intent": "AMAZON.StopIntent", "slots": [] }
  ]  
}
